{
    "0": [
        0,
        0,
        0,
        0.0,
        0,
        0,
        0,
        0,
        0,
        0,
        0,
        25000.0,
        25000.0
    ],
    "1": [
        336.2932897145089,
        -23.706710285491113,
        0.791188575997548,
        157.5,
        0,
        0,
        0,
        0,
        0,
        1.0,
        1,
        24970.854399999986,
        24929.894399999983
    ],
    "2": [
        17.979888338559878,
        17.979888338559878,
        0.7794175809802026,
        202.5,
        0,
        0,
        0,
        0,
        0,
        1.0,
        2,
        25024.921599999976,
        24928.25599999998
    ],
    "3": [
        346.0656189418265,
        -13.934381058173528,
        1.461570881469996,
        146.25,
        0,
        0,
        0,
        0,
        0,
        1.0,
        3,
        24964.300799999975,
        24862.71999999998
    ],
    "4": [
        12.96482218479385,
        12.96482218479385,
        1.5251599191195637,
        225.0,
        0,
        0,
        0,
        0,
        0,
        1.0,
        4,
        25034.75199999998,
        24856.166399999976
    ],
    "5": [
        288.37439196585206,
        -71.62560803414794,
        2.1369952401871073,
        78.25,
        0,
        0,
        0,
        0,
        0,
        1.0,
        5,
        24803.737599999986,
        24933.171199999982
    ],
    "6": [
        320.877180869533,
        -39.12281913046701,
        2.221336859905825,
        90.0,
        0,
        0,
        0,
        0,
        0,
        1.0,
        6,
        24864.358399999983,
        24834.86719999998
    ],
    "7": [
        22.11640108552423,
        22.11640108552423,
        1.9880956249163726,
        213.75,
        0,
        0,
        0,
        0,
        0,
        1.0,
        7,
        25074.073599999978,
        24821.759999999977
    ],
    "8": [
        46.609165139491395,
        46.609165139491395,
        2.3113940636655443,
        247.5,
        0,
        0,
        0,
        0,
        0,
        1.0,
        8,
        25164.185599999983,
        24846.335999999985
    ],
    "9": [
        349.28003418904115,
        -10.719965810958854,
        2.529299641791927,
        123.75,
        0,
        0,
        0,
        0,
        0,
        1.0,
        9,
        24954.47039999998,
        24761.139199999983
    ],
    "10": [
        20.0849805587898,
        20.0849805587898,
        2.573976002805739,
        236.0,
        0,
        0,
        0,
        0,
        0,
        1.0,
        10,
        25085.54239999998,
        24767.692799999986
    ],
    "11": [
        340.74888906782223,
        -19.251110932177767,
        3.224138132342573,
        135.0,
        0,
        0,
        0,
        0,
        0,
        1.0,
        11,
        24897.126399999976,
        24707.07199999998
    ],
    "12": [
        346.71013298875715,
        -13.289867011242848,
        3.666887867067684,
        112.5,
        0,
        0,
        0,
        0,
        0,
        1.0,
        12,
        24918.425599999984,
        24656.281599999973
    ],
    "13": [
        342.20300824896157,
        -17.796991751038433,
        4.530413749387634,
        123.75,
        0,
        0,
        0,
        0,
        0,
        1.0,
        13,
        24867.635199999982,
        24582.55359999998
    ],
    "14": [
        346.6351882378303,
        -13.364811762169722,
        5.477769632060242,
        101.25,
        0,
        0,
        0,
        0,
        0,
        1.0,
        14,
        24875.82719999998,
        24484.249599999977
    ],
    "15": [
        24.005795846680897,
        24.005795846680897,
        3.962189667046423,
        270.0,
        0,
        0,
        0,
        0,
        0,
        1.0,
        15,
        25155.99359999998,
        24651.366399999984
    ],
    "16": [
        43.515467159906656,
        43.515467159906656,
        3.963867852732276,
        258.0,
        0,
        0,
        0,
        0,
        0,
        1.0,
        16,
        25262.48959999998,
        24721.817599999984
    ],
    "17": [
        14.170836513048632,
        14.170836513048632,
        5.339531074216983,
        281.0,
        0,
        0,
        0,
        0,
        0,
        1.0,
        17,
        25126.50239999998,
        24500.63359999998
    ],
    "18": [
        280.59386050332904,
        -79.40613949667096,
        6.3346923513568125,
        67.5,
        0,
        0,
        0,
        0,
        0,
        1.0,
        18,
        24395.775999999976,
        24887.295999999977
    ],
    "19": [
        272.5995422280216,
        -87.40045777197838,
        6.267027329533993,
        56.25,
        0,
        0,
        0,
        0,
        0,
        1.0,
        19,
        24395.775999999983,
        24970.854399999982
    ],
    "20": [
        278.63074562473025,
        -81.36925437526975,
        5.9555559383353405,
        22.5,
        0,
        0,
        0,
        0,
        0,
        1.0,
        20,
        24430.182399999983,
        24915.14879999998
    ],
    "21": [
        267.26196056535304,
        -92.73803943464696,
        6.454177817217751,
        45.0,
        0,
        0,
        0,
        0,
        0,
        1.0,
        21,
        24376.115199999982,
        25031.475199999983
    ],
    "22": [
        263.8313081884435,
        -96.16869181155653,
        6.177837933584648,
        33.7,
        0,
        0,
        0,
        0,
        0,
        1.0,
        22,
        24405.606399999982,
        25062.60479999998
    ],
    "23": [
        258.1202618579846,
        -101.87973814201541,
        6.432204348793509,
        22.5,
        0,
        0,
        0,
        0,
        0,
        1.0,
        23,
        24390.86079999998,
        25126.50239999998
    ],
    "24": [
        79.08329765195266,
        79.08329765195266,
        6.4177187419905115,
        292.5,
        0,
        0,
        0,
        0,
        0,
        1.0,
        24,
        25609.830399999977,
        24884.01919999998
    ],
    "25": [
        86.34636009351738,
        86.34636009351738,
        6.585848624498737,
        303.75,
        0,
        0,
        0,
        0,
        0,
        1.0,
        25,
        25634.40639999999,
        24959.38559999998
    ],
    "26": [
        93.57798189883091,
        93.57798189883091,
        6.02551355847712,
        303.75,
        0,
        0,
        0,
        0,
        0,
        1.0,
        26,
        25581.97759999998,
        25038.02879999999
    ],
    "27": [
        96.66915578523995,
        96.66915578523995,
        6.73655804422771,
        326.0,
        0,
        0,
        0,
        0,
        0,
        1.0,
        27,
        25645.875199999973,
        25077.350399999985
    ],
    "28": [
        101.33470783536998,
        101.33470783536998,
        6.478733843056008,
        315.0,
        0,
        0,
        0,
        0,
        0,
        1.0,
        28,
        25613.10719999998,
        25123.225599999983
    ],
    "29": [
        255.11934545884014,
        -104.88065454115986,
        6.144991132153079,
        56.15,
        0,
        0,
        0,
        0,
        0,
        1.0,
        29,
        24423.62879999998,
        25152.716799999977
    ],