{
    "0": [
        0,
        0,
        0,
        0.0,
        0.0,
        0,
        0,
        0,
        0,
        0,
        0,
        25000.0,
        25000.0
    ],
    "1": [
        333.68226719843545,
        -26.317732801564546,
        1.1786307864558416,
        160.0,
        0.0,
        0,
        0,
        0,
        1.0,
        0,
        1,
        24949.431192660548,
        24897.76146788991
    ],
    "2": [
        16.178425735113258,
        16.178425735113258,
        0.9989480511976263,
        200.0,
        0.0,
        0,
        0,
        0,
        1.0,
        0,
        2,
        25026.93577981651,
        24907.155963302757
    ],
    "3": [
        331.52323066008887,
        -28.47676933991113,
        2.775625850968401,
        145.0,
        0.0,
        0,
        0,
        0,
        1.0,
        0,
        3,
        24871.926605504585,
        24763.88990825688
    ],
    "4": [
        349.7054108252252,
        -10.294589174774785,
        2.6523864045235443,
        160.0,
        0.0,
        0,
        0,
        0,
        1.0,
        0,
        4,
        24954.128440366978,
        24747.449541284404
    ],
    "5": [
        10.585107045646126,
        10.585107045646126,
        2.7042440678259165,
        200.0,
        0.0,
        0,
        0,
        0,
        1.0,
        0,
        5,
        25048.073394495415,
        24742.752293577978
    ],
    "6": [
        25.142557891554848,
        25.142557891554848,
        2.8828258340609203,
        200.0,
        0.0,
        0,
        0,
        0,
        1.0,
        0,
        6,
        25118.532110091746,
        24747.449541284404
    ],
    "7": [
        0.07575462246722409,
        0.07575462246722409,
        8.604166542166187,
        180.0,
        0.0,
        0,
        0,
        0,
        1.0,
        0,
        7,
        25001.100917431188,
        24167.339449541283
    ],
    "8": [
        339.6114600441934,
        -20.388539955806607,
        5.1919846579018945,
        160.0,
        0.0,
        0,
        0,
        0,
        1.0,
        0,
        8,
        24824.95412844037,
        24529.027522935783
    ],
    "9": [
        347.44889406478256,
        -12.551105935217436,
        4.861548587530661,
        170.0,
        0.0,
        0,
        0,
        0,
        1.0,
        0,
        9,
        24897.761467889908,
        24540.770642201835
    ],
    "10": [
        7.827821517348754,
        7.827821517348754,
        4.716511983289133,
        190.0,
        0.0,
        0,
        0,
        0,
        1.0,
        0,
        10,
        25062.16513761468,
        24547.816513761474
    ],
    "11": [
        18.51554164761404,
        18.51554164761404,
        4.774065327740302,
        200.0,
        0.0,
        0,
        0,
        0,
        1.0,
        0,
        11,
        25146.715596330276,
        24561.90825688074
    ],
    "12": [
        349.462568868775,
        -10.537431131224992,
        7.36936833687914,
        165.0,
        0.0,
        0,
        0,
        0,
        1.0,
        0,
        12,
        24869.577981651375,
        24298.862385321103
    ],
    "13": [
        10.538785947161577,
        10.538785947161577,
        7.49282838028096,
        194.0,
        0.0,
        0,
        0,
        0,
        1.0,
        0,
        13,
        25132.62385321101,
        24287.119266055048
    ]
}