{
    "0": [
        0,
        0,
        0,
        0.0,
        3.0,
        0,
        0,
        0,
        0,
        0,
        0,
        25000.0,
        25000.0
    ],
    "1": [
        300.0,
        -60.0,
        1.1786307864558416,
        160.0,
        2.0,
        0,
        0,
        0,
        1.0,
        0,
        1,
        24901.220238445214,
        24942.96947807586
    ],
    "2": [
        76.0,
        76.0,
        0.9989480511976263,
        200.0,
        7.0,
        0,
        0,
        0,
        1.0,
        0,
        2,
        25093.80080885446,
        24976.612831663242
    ],
    "3": [
        350.0,
        -10.0,
        2.775625850968401,
        145.0,
        1.0,
        0,
        0,
        0,
        1.0,
        0,
        3,
        24953.356544751976,
        24735.47182024773
    ],
    "4": [
        300.0,
        -60.0,
        2.6523864045235443,
        160.0,
        9.0,
        0,
        0,
        0,
        1.0,
        0,
        4,
        24777.70638642672,
        24871.65872236433
    ],
    "5": [
        100.0,
        100.0,
        2.7042440678259165,
        200.0,
        12.0,
        0,
        0,
        0,
        1.0,
        0,
        5,
        25257.725211997964,
        25045.44390848405
    ],
    "6": [
        34.0,
        34.0,
        2.8828258340609203,
        200.0,
        45.0,
        0,
        0,
        0,
        1.0,
        0,
        6,
        25156.005394998396,
        24768.712490497965
    ],
    "7": [
        300.0,
        -60.0,
        8.604166542166187,
        180.0,
        50.0,
        0,
        0,
        0,
        1.0,
        0,
        7,
        24278.894180281386,
        24583.669360871252
    ],
    "8": [
        200.0,
        -160.0,
        5.1919846579018945,
        160.0,
        23.0,
        0,
        0,
        0,
        1.0,
        0,
        8,
        24828.151935147926,
        25472.148677758047
    ],
    "9": [
        300.0,
        -60.0,
        4.861548587530661,
        170.0,
        20.0,
        0,
        0,
        0,
        1.0,
        0,
        9,
        24592.55891176293,
        24764.763778027416
    ],
    "10": [
        100.0,
        100.0,
        4.716511983289133,
        190.0,
        12.0,
        0,
        0,
        0,
        1.0,
        0,
        10,
        25449.502345312118,
        25079.25939137026
    ],
    "11": [
        30.0,
        30.0,
        4.774065327740302,
        200.0,
        13.0,
        0,
        0,
        0,
        1.0,
        0,
        11,
        25231.003161015073,
        24599.890788412882
    ],
    "12": [
        50.0,
        50.0,
        7.36936833687914,
        165.0,
        15.0,
        0,
        0,
        0,
        1.0,
        0,
        12,
        25546.315838417773,
        24541.586581477342
    ],
    "13": [
        60.0,
        60.0,
        7.49282838028096,
        194.0,
        3.0,
        0,
        0,
        0,
        1.0,
        0,
        13,
        25627.965779682956,
        24637.44378805817
    ]
}