{
    "0": [
        0,
        0,
        0,
        0.0,
        6.0,
        0,
        0,
        0,
        0,
        0,
        0,
        25000.0,
        25000.0
    ],
    "1": [
        267.06748544264536,
        -92.93251455735464,
        0.8772673222240182,
        11.25,
        8.0,
        0,
        0,
        1.0,
        0,
        0,
        1,
        24915.214336,
        25004.343296
    ],
    "2": [
        92.9222619983052,
        92.9222619983052,
        0.8803424721033766,
        348.75,
        8.0,
        0,
        0,
        1.0,
        0,
        0,
        2,
        25085.083647999996,
        25004.343296
    ],
    "3": [
        254.74522651803548,
        -105.25477348196452,
        1.6942859789952598,
        22.5,
        12.0,
        0,
        0,
        1.0,
        0,
        0,
        3,
        24841.814015999993,
        25043.140607999994
    ],
    "4": [
        108.12958534095694,
        108.12958534095694,
        1.7460190345461153,
        337.5,
        12.0,
        0,
        0,
        1.0,
        0,
        0,
        4,
        25160.581119999995,
        25052.577792000004
    ],
    "5": [
        269.95843340244204,
        -90.04156659755796,
        2.1221768998398685,
        45.0,
        12.0,
        0,
        0,
        1.0,
        0,
        0,
        5,
        24794.628096,
        25000.148991999995
    ],
    "6": [
        89.4372115311454,
        89.4372115311454,
        2.049507381262731,
        315.0,
        12.0,
        0,
        0,
        1.0,
        0,
        0,
        6,
        25198.329856000004,
        24998.051839999993
    ],
    "7": [
        180.33963329946548,
        -179.66036670053452,
        3.5,
        0.0,
        24.0,
        0,
        0,
        1.0,
        0,
        0,
        7,
        24997.992235857746,
        25338.703726664004
    ],
    "8": [
        160.0,
        160.0,
        3.5,
        0,
        24.0,
        0,
        0,
        1.0,
        0,
        0,
        8,
        25115.84553241444,
        25318.282984453377
    ],
    "9": [
        200.0,
        -160.0,
        3.5,
        0,
        24.0,
        0,
        0,
        1.0,
        0,
        0,
        9,
        24884.15446758556,
        25318.282984453377
    ],
    "10": [
        259.1381078047598,
        -100.86189219524022,
        3.5,
        56.25,
        24.0,
        0,
        0,
        1.0,
        0,
        0,
        10,
        24667.358555703406,
        25061.948230138194
    ],
    "11": [
        101.56695544642045,
        101.56695544642045,
        3.5,
        303.75,
        24.0,
        0,
        0,
        1.0,
        0,
        0,
        11,
        25333.83019876555,
        25067.915670233604
    ],
    "12": [
        243.3092338392305,
        -116.6907661607695,
        3.5,
        45.0,
        24.0,
        0,
        0,
        1.0,
        0,
        0,
        12,
        24697.381942313245,
        25150.306223312313
    ],
    "14": [
        228.52482171220677,
        -131.47517828779323,
        3.5,
        33.75,
        24.0,
        0,
        0,
        1.0,
        0,
        0,
        13,
        24747.950241773164,
        25224.325902945726
    ],
    "15": [
        214.6892962648969,
        -145.3107037351031,
        3.5,
        22.5,
        24.0,
        0,
        0,
        1.0,
        0,
        0,
        14,
        24808.98348458694,
        25278.504159904336
    ],
    "16": [
        117.35497397489934,
        117.35497397489934,
        3.5,
        315.0,
        24.0,
        0,
        0,
        1.0,
        0,
        0,
        15,
        25299.08471079613,
        25155.637757564724
    ],
    "17": [
        130.97703087650086,
        130.97703087650086,
        3.5,
        326.75,
        24.0,
        0,
        0,
        1.0,
        0,
        0,
        16,
        25255.716500396844,
        25223.97801620431
    ],
    "18": [
        145.46236857028228,
        145.46236857028228,
        3.5,
        337.5,
        24.0,
        0,
        0,
        1.0,
        0,
        0,
        17,
        25192.030569099516,
        25277.201308092634
    ]
}