{
    "0": [
        0,
        0,
        0,
        0.0,
        9.0,
        0,
        0,
        0,
        0,
        0,
        0,
        25000.0,
        25000.0
    ],
    "1": [
        247.49999999999994,
        -112.50000000000006,
        3.5000000000000218,
        41.3,
        19.0,
        0,
        0,
        1.0,
        0,
        0,
        1,
        24687.073061575014,
        25129.61858192752
    ],
    "2": [
        247.49999999999977,
        -112.50000000000023,
        2.4999999999999956,
        41.3,
        19.0,
        0,
        0,
        1.0,
        0,
        0,
        2,
        24776.48075826787,
        25092.5847013768
    ],
    "3": [
        247.4999999999996,
        -112.5000000000004,
        0.9999999999999913,
        41.3,
        19.0,
        0,
        0,
        1.0,
        0,
        0,
        3,
        24910.59230330715,
        25037.03388055072
    ],
    "4": [
        247.49999999999966,
        -112.50000000000034,
        0.30000000000001764,
        41.3,
        19.0,
        0,
        0,
        1.0,
        0,
        0,
        4,
        24973.177690992143,
        25011.110164165217
    ],
    "5": [
        260.60000000000025,
        -99.39999999999975,
        2.1000000000000014,
        41.3,
        18.0,
        0,
        0,
        1.0,
        0,
        0,
        5,
        24799.503076838722,
        25033.192050390375
    ],
    "6": [
        295.4999999999992,
        -64.5000000000008,
        0.2500000000000145,
        41.3,
        15.0,
        0,
        0,
        1.0,
        0,
        0,
        6,
        24978.163259250035,
        24989.584408948394
    ],
    "7": [
        225.0,
        -135.0,
        3.4999999999999485,
        23.5,
        19.0,
        0,
        0,
        1.0,
        0,
        0,
        7,
        24760.49609024806,
        25239.50390975194
    ],
    "8": [
        225.0,
        -135.0,
        0.2500000000000191,
        23.5,
        19.0,
        0,
        0,
        1.0,
        0,
        0,
        8,
        24982.89257787486,
        25017.10742212514
    ],
    "9": [
        194.9999999999995,
        -165.0000000000005,
        3.500000000000003,
        8.0,
        19.0,
        0,
        0,
        1.0,
        0,
        0,
        9,
        24912.335484725096,
        25327.16842502685
    ],
    "10": [
        180.0,
        -180.0,
        3.500000000000015,
        0,
        19.0,
        0,
        0,
        1.0,
        0,
        0,
        10,
        25000.0,
        25338.709677412582
    ],
    "11": [
        112.50000000000006,
        112.50000000000006,
        3.5000000000000218,
        318.7,
        19.0,
        0,
        0,
        1.0,
        0,
        0,
        11,
        25312.926938424986,
        25129.61858192752
    ],
    "12": [
        135.0,
        135.0,
        3.5000000000000018,
        336.5,
        19.0,
        0,
        0,
        1.0,
        0,
        0,
        12,
        25239.503909751944,
        25239.503909751944
    ],
    "13": [
        164.9999999999999,
        164.9999999999999,
        3.5000000000000133,
        352.0,
        19.0,
        0,
        0,
        1.0,
        0,
        0,
        13,
        25087.664515274908,
        25327.16842502685
    ],
    "14": [
        112.49999999999957,
        112.49999999999957,
        0.25000000000000655,
        318.7,
        19.0,
        0,
        0,
        1.0,
        0,
        0,
        14,
        25022.351924173214,
        25009.25847013768
    ],
    "15": [
        247.5,
        -112.5,
        2.0000000000000173,
        23.0,
        19.0,
        0,
        0,
        1.0,
        0,
        0,
        15,
        24821.184606614293,
        25074.06776110144
    ],
    "16": [
        112.5000000000004,
        112.5000000000004,
        1.9999999999999827,
        337.0,
        19.0,
        0,
        0,
        1.0,
        0,
        0,
        16,
        25178.815393385703,
        25074.06776110144
    ],
    "17": [
        195.00000000000045,
        -164.99999999999955,
        3.000000000000005,
        0,
        19.0,
        0,
        0,
        1.0,
        0,
        0,
        17,
        24924.85898690722,
        25280.430078594443
    ],
    "18": [
        210.00000000000006,
        -149.99999999999994,
        0.9999999999999913,
        0,
        9.5,
        0,
        0,
        1.0,
        0,
        0,
        18,
        24951.612903226775,
        25083.80891004198
    ],
    "19": [
        150.00000000000014,
        150.00000000000014,
        1.0017092984011058,
        0,
        9.5,
        0,
        0,
        1.0,
        0,
        0,
        19,
        25048.469804760374,
        25083.952164477912
    ],
    "20": [
        164.99999999999955,
        164.99999999999955,
        3.000000000000005,
        0,
        19.0,
        0,
        0,
        1.0,
        0,
        0,
        20,
        25075.14101309278,
        25280.430078594443
    ],
    "21": [
        180.0,
        -180.0,
        0.9999999999999936,
        0,
        9.5,
        0,
        0,
        1.0,
        0,
        0,
        21,
        25000.0,
        25096.77419354645
    ],
    "22": [
        100.00000000000011,
        100.00000000000011,
        2.099999999999981,
        318.7,
        18.0,
        0,
        0,
        1.0,
        0,
        0,
        22,
        25200.138349801702,
        25035.28979094451
    ],
    "23": [
        135.0,
        135.0,
        0.2500000000000191,
        336.5,
        19.0,
        0,
        0,
        1.0,
        0,
        0,
        23,
        25017.10742212514,
        25017.10742212514
    ],
    "24": [
        112.5000000000004,
        112.5000000000004,
        0.9999999999999913,
        318.7,
        19.0,
        0,
        0,
        1.0,
        0,
        0,
        24,
        25089.40769669285,
        25037.03388055072
    ],
    "25": [
        59.299999999998896,
        59.299999999998896,
        0.24999999999997188,
        318.7,
        15.0,
        0,
        0,
        1.0,
        0,
        0,
        25,
        25020.802877538215,
        24987.648155212064
    ],
    "26": [
        250.00000000000003,
        -109.99999999999997,
        3.499999999999996,
        41.3,
        19.0,
        0,
        0,
        0,
        0,
        1.0,
        26,
        24681.717015546623,
        25115.84553241444
    ],
    "27": [
        245.00000000000006,
        -114.99999999999994,
        3.9999999999999964,
        35.8,
        19.0,
        0,
        0,
        0,
        0,
        1.0,
        27,
        24649.171179218636,
        25163.594165831837
    ],
    "28": [
        254.9999999999999,
        -105.00000000000011,
        12.0,
        38.0,
        24.0,
        0,
        0,
        0,
        0,
        1.0,
        28,
        23878.279685622227,
        25300.56405237111
    ],
    "29": [
        104.99999999999994,
        104.99999999999994,
        11.999999999999991,
        322.0,
        24.0,
        0,
        0,
        0,
        0,
        1.0,
        29,
        26121.720314377773,
        25300.564052371108
    ],
    "30": [
        285.0000000000001,
        -74.99999999999989,
        12.0,
        56.0,
        19.0,
        0,
        0,
        0,
        0,
        1.0,
        30,
        23878.279685622227,
        24699.43594762889
    ],